Card Type Code,Card Type Full Name,Issuing Bank,Number,Name,CVV,Issue Date,Date,Billing Date,Card PIN,Credit Limit
DS,Discover,Discover,6480195344642784,Brenda D Peterson,689,01/2017,01/2025,4,1998,22700
DC,Diners Club International,Diners Club,30295201231669,Dawn U Reese,070,12/2024,12/2023,11,3915,12700
DC,Diners Club International,Diners Club,30082494556063,Helen P Perry,709,02/2007,02/2026,13,2319,81900
AX,American Express,Bank of America,344850003945824,Christine E Kim,3819,08/2011,08/2024,4,9017,77700
JC,Japan Credit Bureau,JCB,3583387923333637,Elizabeth Z Lopez,913,11/2017,11/2026,22,0066,38300
JC,Japan Credit Bureau,JCB,3587385370593642,Nancy S Robles,217,11/2015,11/2029,12,2867,158000
